,poss
0,abundance
1,abundant
2,acclaimed
3,accomplish
4,accomplished
5,accomplishes
6,accomplishing
7,accomplishment
8,accomplishments
9,achieve
10,achieved
11,achievement
12,achievements
13,achieves
14,achieving
15,adequately
16,advancement
17,advancements
18,advances
19,advancing
20,advantage
21,advantaged
22,advantageous
23,advantageously
24,advantages
25,alliance
26,alliances
27,assure
28,assured
29,assures
30,assuring
31,attain
32,attained
33,attaining
34,attainment
35,attainments
36,attains
37,attractive
38,attractiveness
39,beautiful
40,beautifully
41,beneficial
42,beneficially
43,benefit
44,benefited
45,benefiting
46,benefitted
47,benefitting
48,best
49,better
50,bolstered
51,bolstering
52,bolsters
53,boom
54,booming
55,boost
56,boosted
57,breakthrough
58,breakthroughs
59,brilliant
60,charitable
61,collaborate
62,collaborated
63,collaborates
64,collaborating
65,collaboration
66,collaborations
67,collaborative
68,collaborator
69,collaborators
70,compliment
71,complimentary
72,complimented
73,complimenting
74,compliments
75,conclusive
76,conclusively
77,conducive
78,confident
79,constructive
80,constructively
81,courteous
82,creative
83,creatively
84,creativeness
85,creativity
86,delight
87,delighted
88,delightful
89,delightfully
90,delighting
91,delights
92,dependability
93,dependable
94,desirable
95,desired
96,despite
97,destined
98,diligent
99,diligently
100,distinction
101,distinctions
102,distinctive
103,distinctively
104,distinctiveness
105,dream
106,easier
107,easily
108,easy
109,effective
110,efficiencies
111,efficiency
112,efficient
113,efficiently
114,empower
115,empowered
116,empowering
117,empowers
118,enable
119,enabled
120,enables
121,enabling
122,encouraged
123,encouragement
124,encourages
125,encouraging
126,enhance
127,enhanced
128,enhancement
129,enhancements
130,enhances
131,enhancing
132,enjoy
133,enjoyable
134,enjoyably
135,enjoyed
136,enjoying
137,enjoyment
138,enjoys
139,enthusiasm
140,enthusiastic
141,enthusiastically
142,excellence
143,excellent
144,excelling
145,excels
146,exceptional
147,exceptionally
148,excited
149,excitement
150,exciting
151,exclusive
152,exclusively
153,exclusiveness
154,exclusives
155,exclusivity
156,exemplary
157,fantastic
158,favorable
159,favorably
160,favored
161,favoring
162,favorite
163,favorites
164,friendly
165,gain
166,gained
167,gaining
168,gains
169,good
170,great
171,greater
172,greatest
173,greatly
174,greatness
175,happiest
176,happily
177,happiness
178,happy
179,highest
180,honor
181,honorable
182,honored
183,honoring
184,honors
185,ideal
186,impress
187,impressed
188,impresses
189,impressing
190,impressive
191,impressively
192,improve
193,improved
194,improvement
195,improvements
196,improves
197,improving
198,incredible
199,incredibly
200,influential
201,informative
202,ingenuity
203,innovate
204,innovated
205,innovates
206,innovating
207,innovation
208,innovations
209,innovative
210,innovativeness
211,innovator
212,innovators
213,insightful
214,inspiration
215,inspirational
216,integrity
217,invent
218,invented
219,inventing
220,invention
221,inventions
222,inventive
223,inventiveness
224,inventor
225,inventors
226,leadership
227,leading
228,loyal
229,lucrative
230,meritorious
231,opportunities
232,opportunity
233,optimistic
234,outperform
235,outperformed
236,outperforming
237,outperforms
238,perfect
239,perfected
240,perfectly
241,perfects
242,pleasant
243,pleasantly
244,pleased
245,pleasure
246,plentiful
247,popular
248,popularity
249,positive
250,positively
251,preeminence
252,preeminent
253,premier
254,premiere
255,prestige
256,prestigious
257,proactive
258,proactively
259,proficiency
260,proficient
261,proficiently
262,profitability
263,profitable
264,profitably
265,progress
266,progressed
267,progresses
268,progressing
269,prospered
270,prospering
271,prosperity
272,prosperous
273,prospers
274,rebound
275,rebounded
276,rebounding
277,receptive
278,regain
279,regained
280,regaining
281,resolve
282,revolutionize
283,revolutionized
284,revolutionizes
285,revolutionizing
286,reward
287,rewarded
288,rewarding
289,rewards
290,satisfaction
291,satisfactorily
292,satisfactory
293,satisfied
294,satisfies
295,satisfy
296,satisfying
297,smooth
298,smoothing
299,smoothly
300,smooths
301,solves
302,solving
303,spectacular
304,spectacularly
305,stability
306,stabilization
307,stabilizations
308,stabilize
309,stabilized
310,stabilizes
311,stabilizing
312,stable
313,strength
314,strengthen
315,strengthened
316,strengthening
317,strengthens
318,strengths
319,strong
320,stronger
321,strongest
322,succeed
323,succeeded
324,succeeding
325,succeeds
326,success
327,successes
328,successful
329,successfully
330,superior
331,surpass
332,surpassed
333,surpasses
334,surpassing
335,transparency
336,tremendous
337,tremendously
338,unmatched
339,unparalleled
340,unsurpassed
341,upturn
342,upturns
343,valuable
344,versatile
345,versatility
346,vibrancy
347,vibrant
348,win
349,winner
350,winners
351,winning
352,worthy
