,negs
0,abandoned
1,abandoning
2,abandonment
3,abandonments
4,abandons
5,abdicated
6,abdicates
7,abdicating
8,abdication
9,abdications
10,aberrant
11,aberration
12,aberrational
13,aberrations
14,abetting
15,abnormal
16,abnormalities
17,abnormality
18,abnormally
19,abolish
20,abolished
21,abolishes
22,abolishing
23,abrogate
24,abrogated
25,abrogates
26,abrogating
27,abrogation
28,abrogations
29,abrupt
30,abruptly
31,abruptness
32,absence
33,absences
34,absenteeism
35,abuse
36,abused
37,abuses
38,abusing
39,abusive
40,abusively
41,abusiveness
42,accident
43,accidental
44,accidentally
45,accidents
46,accusation
47,accusations
48,accuse
49,accused
50,accuses
51,accusing
52,acquiesce
53,acquiesced
54,acquiesces
55,acquiescing
56,acquit
57,acquits
58,acquittal
59,acquittals
60,acquitted
61,acquitting
62,adulterate
63,adulterated
64,adulterating
65,adulteration
66,adulterations
67,adversarial
68,adversaries
69,adversary
70,adverse
71,adversely
72,adversities
73,adversity
74,aftermath
75,aftermaths
76,against
77,aggravate
78,aggravated
79,aggravates
80,aggravating
81,aggravation
82,aggravations
83,alerted
84,alerting
85,alienate
86,alienated
87,alienates
88,alienating
89,alienation
90,alienations
91,allegation
92,allegations
93,allege
94,alleged
95,allegedly
96,alleges
97,alleging
98,annoy
99,annoyance
100,annoyances
101,annoyed
102,annoying
103,annoys
104,annul
105,annulled
106,annulling
107,annulment
108,annulments
109,annuls
110,anomalies
111,anomalous
112,anomalously
113,anomaly
114,anticompetitive
115,antitrust
116,argue
117,argued
118,arguing
119,argument
120,argumentative
121,arguments
122,arrearage
123,arrearages
124,arrears
125,arrest
126,arrested
127,arrests
128,artificially
129,assault
130,assaulted
131,assaulting
132,assaults
133,assertions
134,attrition
135,aversely
136,backdating
137,bad
138,bail
139,bailout
140,balk
141,balked
142,bankrupt
143,bankruptcies
144,bankruptcy
145,bankrupted
146,bankrupting
147,bankrupts
148,bans
149,barred
150,barrier
151,barriers
152,bottleneck
153,bottlenecks
154,boycott
155,boycotted
156,boycotting
157,boycotts
158,breach
159,breached
160,breaches
161,breaching
162,break
163,breakage
164,breakages
165,breakdown
166,breakdowns
167,breaking
168,breaks
169,bribe
170,bribed
171,briberies
172,bribery
173,bribes
174,bribing
175,bridge
176,broken
177,burden
178,burdened
179,burdening
180,burdens
181,burdensome
182,burned
183,calamities
184,calamitous
185,calamity
186,cancel
187,canceled
188,canceling
189,cancellation
190,cancellations
191,cancelled
192,cancelling
193,cancels
194,careless
195,carelessly
196,carelessness
197,catastrophe
198,catastrophes
199,catastrophic
200,catastrophically
201,caution
202,cautionary
203,cautioned
204,cautioning
205,cautions
206,cease
207,ceased
208,ceases
209,ceasing
210,censure
211,censured
212,censures
213,censuring
214,challenge
215,challenged
216,challenges
217,challenging
218,chargeoffs
219,circumvent
220,circumvented
221,circumventing
222,circumvention
223,circumventions
224,circumvents
225,claiming
226,claims
227,clawback
228,closed
229,closeout
230,closeouts
231,closing
232,closings
233,closure
234,closures
235,coerce
236,coerced
237,coerces
238,coercing
239,coercion
240,coercive
241,collapse
242,collapsed
243,collapses
244,collapsing
245,collision
246,collisions
247,collude
248,colluded
249,colludes
250,colluding
251,collusion
252,collusions
253,collusive
254,complain
255,complained
256,complaining
257,complains
258,complaint
259,complaints
260,complicate
261,complicated
262,complicates
263,complicating
264,complication
265,complications
266,compulsion
267,concealed
268,concealing
269,concede
270,conceded
271,concedes
272,conceding
273,concern
274,concerned
275,concerns
276,conciliating
277,conciliation
278,conciliations
279,condemn
280,condemnation
281,condemnations
282,condemned
283,condemning
284,condemns
285,condone
286,condoned
287,confess
288,confessed
289,confesses
290,confessing
291,confession
292,confine
293,confined
294,confinement
295,confinements
296,confines
297,confining
298,confiscate
299,confiscated
300,confiscates
301,confiscating
302,confiscation
303,confiscations
304,conflict
305,conflicted
306,conflicting
307,conflicts
308,confront
309,confrontation
310,confrontational
311,confrontations
312,confronted
313,confronting
314,confronts
315,confuse
316,confused
317,confuses
318,confusing
319,confusingly
320,confusion
321,conspiracies
322,conspiracy
323,conspirator
324,conspiratorial
325,conspirators
326,conspire
327,conspired
328,conspires
329,conspiring
330,contempt
331,contend
332,contended
333,contending
334,contends
335,contention
336,contentions
337,contentious
338,contentiously
339,contested
340,contesting
341,contraction
342,contractions
343,contradict
344,contradicted
345,contradicting
346,contradiction
347,contradictions
348,contradictory
349,contradicts
350,contrary
351,controversial
352,controversies
353,controversy
354,convict
355,convicted
356,convicting
357,conviction
358,convictions
359,corrected
360,correcting
361,correction
362,corrections
363,corrects
364,corrupt
365,corrupted
366,corrupting
367,corruption
368,corruptions
369,corruptly
370,corruptness
371,costly
372,counterclaim
373,counterclaimed
374,counterclaiming
375,counterclaims
376,counterfeit
377,counterfeited
378,counterfeiter
379,counterfeiters
380,counterfeiting
381,counterfeits
382,countermeasure
383,countermeasures
384,crime
385,crimes
386,criminal
387,criminally
388,criminals
389,crises
390,crisis
391,critical
392,critically
393,criticism
394,criticisms
395,criticize
396,criticized
397,criticizes
398,criticizing
399,crucial
400,crucially
401,culpability
402,culpable
403,culpably
404,cumbersome
405,curtail
406,curtailed
407,curtailing
408,curtailment
409,curtailments
410,curtails
411,cut
412,cutback
413,cutbacks
414,cyberattack
415,cyberattacks
416,cyberbullying
417,cybercrime
418,cybercrimes
419,cybercriminal
420,cybercriminals
421,damage
422,damaged
423,damages
424,damaging
425,dampen
426,dampened
427,danger
428,dangerous
429,dangerously
430,dangers
431,deadlock
432,deadlocked
433,deadlocking
434,deadlocks
435,deadweight
436,deadweights
437,debarment
438,debarments
439,debarred
440,deceased
441,deceit
442,deceitful
443,deceitfulness
444,deceive
445,deceived
446,deceives
447,deceiving
448,deception
449,deceptions
450,deceptive
451,deceptively
452,decline
453,declined
454,declines
455,declining
456,deface
457,defaced
458,defacement
459,defamation
460,defamations
461,defamatory
462,defame
463,defamed
464,defames
465,defaming
466,default
467,defaulted
468,defaulting
469,defaults
470,defeat
471,defeated
472,defeating
473,defeats
474,defect
475,defective
476,defects
477,defend
478,defendant
479,defendants
480,defended
481,defending
482,defends
483,defensive
484,defer
485,deficiencies
486,deficiency
487,deficient
488,deficit
489,deficits
490,defraud
491,defrauded
492,defrauding
493,defrauds
494,defunct
495,degradation
496,degradations
497,degrade
498,degraded
499,degrades
500,degrading
501,delay
502,delayed
503,delaying
504,delays
505,deleterious
506,deliberate
507,deliberated
508,deliberately
509,delinquencies
510,delinquency
511,delinquent
512,delinquently
513,delinquents
514,delist
515,delisted
516,delisting
517,delists
518,demise
519,demised
520,demises
521,demising
522,demolish
523,demolished
524,demolishes
525,demolishing
526,demolition
527,demolitions
528,demote
529,demoted
530,demotes
531,demoting
532,demotion
533,demotions
534,denial
535,denials
536,denied
537,denies
538,denigrate
539,denigrated
540,denigrates
541,denigrating
542,denigration
543,deny
544,denying
545,deplete
546,depleted
547,depletes
548,depleting
549,depletion
550,depletions
551,deprecation
552,depress
553,depressed
554,depresses
555,depressing
556,deprivation
557,deprive
558,deprived
559,deprives
560,depriving
561,derelict
562,dereliction
563,derogatory
564,destabilization
565,destabilize
566,destabilized
567,destabilizing
568,destroy
569,destroyed
570,destroying
571,destroys
572,destruction
573,destructive
574,detain
575,detained
576,detention
577,detentions
578,deter
579,deteriorate
580,deteriorated
581,deteriorates
582,deteriorating
583,deterioration
584,deteriorations
585,deterred
586,deterrence
587,deterrences
588,deterrent
589,deterrents
590,deterring
591,deters
592,detract
593,detracted
594,detracting
595,detriment
596,detrimental
597,detrimentally
598,detriments
599,devalue
600,devalued
601,devalues
602,devaluing
603,devastate
604,devastated
605,devastating
606,devastation
607,deviate
608,deviated
609,deviates
610,deviating
611,deviation
612,deviations
613,devolve
614,devolved
615,devolves
616,devolving
617,difficult
618,difficulties
619,difficultly
620,difficulty
621,diminish
622,diminished
623,diminishes
624,diminishing
625,diminution
626,disadvantage
627,disadvantaged
628,disadvantageous
629,disadvantages
630,disaffiliation
631,disagree
632,disagreeable
633,disagreed
634,disagreeing
635,disagreement
636,disagreements
637,disagrees
638,disallow
639,disallowance
640,disallowances
641,disallowed
642,disallowing
643,disallows
644,disappear
645,disappearance
646,disappearances
647,disappeared
648,disappearing
649,disappears
650,disappoint
651,disappointed
652,disappointing
653,disappointingly
654,disappointment
655,disappointments
656,disappoints
657,disapproval
658,disapprovals
659,disapprove
660,disapproved
661,disapproves
662,disapproving
663,disassociates
664,disassociating
665,disassociation
666,disassociations
667,disaster
668,disasters
669,disastrous
670,disastrously
671,disavow
672,disavowal
673,disavowed
674,disavowing
675,disavows
676,disciplinary
677,disclaim
678,disclaimed
679,disclaimer
680,disclaimers
681,disclaiming
682,disclaims
683,disclose
684,disclosed
685,discloses
686,disclosing
687,discontinuance
688,discontinuances
689,discontinuation
690,discontinuations
691,discontinue
692,discontinued
693,discontinues
694,discontinuing
695,discourage
696,discouraged
697,discourages
698,discouraging
699,discredit
700,discredited
701,discrediting
702,discredits
703,discrepancies
704,discrepancy
705,disfavor
706,disfavored
707,disfavoring
708,disfavors
709,disgorge
710,disgorged
711,disgorgement
712,disgorgements
713,disgorges
714,disgorging
715,disgrace
716,disgraceful
717,disgracefully
718,dishonest
719,dishonestly
720,dishonesty
721,dishonor
722,dishonorable
723,dishonorably
724,dishonored
725,dishonoring
726,dishonors
727,disincentives
728,disinterested
729,disinterestedly
730,disinterestedness
731,disloyal
732,disloyally
733,disloyalty
734,dismal
735,dismally
736,dismiss
737,dismissal
738,dismissals
739,dismissed
740,dismisses
741,dismissing
742,disorderly
743,disparage
744,disparaged
745,disparagement
746,disparagements
747,disparages
748,disparaging
749,disparagingly
750,disparities
751,disparity
752,displace
753,displaced
754,displacement
755,displacements
756,displaces
757,displacing
758,dispose
759,dispossess
760,dispossessed
761,dispossesses
762,dispossessing
763,disproportion
764,disproportional
765,disproportionate
766,disproportionately
767,dispute
768,disputed
769,disputes
770,disputing
771,disqualification
772,disqualifications
773,disqualified
774,disqualifies
775,disqualify
776,disqualifying
777,disregard
778,disregarded
779,disregarding
780,disregards
781,disreputable
782,disrepute
783,disrupt
784,disrupted
785,disrupting
786,disruption
787,disruptions
788,disruptive
789,disrupts
790,dissatisfaction
791,dissatisfied
792,dissent
793,dissented
794,dissenter
795,dissenters
796,dissenting
797,dissents
798,dissident
799,dissidents
800,dissolution
801,dissolutions
802,distort
803,distorted
804,distorting
805,distortion
806,distortions
807,distorts
808,distract
809,distracted
810,distracting
811,distraction
812,distractions
813,distracts
814,distress
815,distressed
816,disturb
817,disturbance
818,disturbances
819,disturbed
820,disturbing
821,disturbs
822,diversion
823,divert
824,diverted
825,diverting
826,diverts
827,divest
828,divested
829,divesting
830,divestiture
831,divestitures
832,divestment
833,divestments
834,divests
835,divorce
836,divorced
837,divulge
838,divulged
839,divulges
840,divulging
841,doubt
842,doubted
843,doubtful
844,doubts
845,downgrade
846,downgraded
847,downgrades
848,downgrading
849,downsize
850,downsized
851,downsizes
852,downsizing
853,downsizings
854,downtime
855,downtimes
856,downturn
857,downturns
858,downward
859,downwards
860,drag
861,drastic
862,drastically
863,drawback
864,drawbacks
865,dropped
866,drought
867,droughts
868,duress
869,dysfunction
870,dysfunctional
871,dysfunctions
872,easing
873,egregious
874,egregiously
875,embargo
876,embargoed
877,embargoes
878,embargoing
879,embarrass
880,embarrassed
881,embarrasses
882,embarrassing
883,embarrassment
884,embarrassments
885,embezzle
886,embezzled
887,embezzlement
888,embezzlements
889,embezzler
890,embezzles
891,embezzling
892,encroach
893,encroached
894,encroaches
895,encroaching
896,encroachment
897,encroachments
898,encumber
899,encumbered
900,encumbering
901,encumbers
902,encumbrance
903,encumbrances
904,endanger
905,endangered
906,endangering
907,endangerment
908,endangers
909,enjoin
910,enjoined
911,enjoining
912,enjoins
913,erode
914,eroded
915,erodes
916,eroding
917,erosion
918,erratic
919,erratically
920,erred
921,erring
922,erroneous
923,erroneously
924,error
925,errors
926,errs
927,escalate
928,escalated
929,escalates
930,escalating
931,evade
932,evaded
933,evades
934,evading
935,evasion
936,evasions
937,evasive
938,evict
939,evicted
940,evicting
941,eviction
942,evictions
943,evicts
944,exacerbate
945,exacerbated
946,exacerbates
947,exacerbating
948,exacerbation
949,exacerbations
950,exaggerate
951,exaggerated
952,exaggerates
953,exaggerating
954,exaggeration
955,excessive
956,excessively
957,exculpate
958,exculpated
959,exculpates
960,exculpating
961,exculpation
962,exculpations
963,exculpatory
964,exonerate
965,exonerated
966,exonerates
967,exonerating
968,exoneration
969,exonerations
970,exploit
971,exploitation
972,exploitations
973,exploitative
974,exploited
975,exploiting
976,exploits
977,expose
978,exposed
979,exposes
980,exposing
981,expropriate
982,expropriated
983,expropriates
984,expropriating
985,expropriation
986,expropriations
987,expulsion
988,expulsions
989,extenuating
990,fail
991,failed
992,failing
993,failings
994,fails
995,failure
996,failures
997,fallout
998,false
999,falsely
1000,falsification
1001,falsifications
1002,falsified
1003,falsifies
1004,falsify
1005,falsifying
1006,falsity
1007,fatalities
1008,fatality
1009,fatally
1010,fault
1011,faulted
1012,faults
1013,faulty
1014,fear
1015,fears
1016,felonies
1017,felonious
1018,felony
1019,fictitious
1020,fined
1021,fines
1022,fired
1023,firing
1024,flaw
1025,flawed
1026,flaws
1027,forbid
1028,forbidden
1029,forbidding
1030,forbids
1031,force
1032,forced
1033,forcing
1034,foreclose
1035,foreclosed
1036,forecloses
1037,foreclosing
1038,foreclosure
1039,foreclosures
1040,forego
1041,foregoes
1042,foregone
1043,forestall
1044,forestalled
1045,forestalling
1046,forestalls
1047,forfeit
1048,forfeited
1049,forfeiting
1050,forfeits
1051,forfeiture
1052,forfeitures
1053,forgers
1054,forgery
1055,fraud
1056,frauds
1057,fraudulence
1058,fraudulent
1059,fraudulently
1060,frivolous
1061,frivolously
1062,frustrate
1063,frustrated
1064,frustrates
1065,frustrating
1066,frustratingly
1067,frustration
1068,frustrations
1069,fugitive
1070,fugitives
1071,gratuitous
1072,gratuitously
1073,grievance
1074,grievances
1075,grossly
1076,groundless
1077,guilty
1078,halt
1079,halted
1080,hamper
1081,hampered
1082,hampering
1083,hampers
1084,harass
1085,harassed
1086,harassing
1087,harassment
1088,hardship
1089,hardships
1090,harm
1091,harmed
1092,harmful
1093,harmfully
1094,harming
1095,harms
1096,harsh
1097,harsher
1098,harshest
1099,harshly
1100,harshness
1101,hazard
1102,hazardous
1103,hazards
1104,hinder
1105,hindered
1106,hindering
1107,hinders
1108,hindrance
1109,hindrances
1110,hostile
1111,hostility
1112,hurt
1113,hurting
1114,idle
1115,idled
1116,idling
1117,ignore
1118,ignored
1119,ignores
1120,ignoring
1121,ill
1122,illegal
1123,illegalities
1124,illegality
1125,illegally
1126,illegible
1127,illicit
1128,illicitly
1129,illiquid
1130,illiquidity
1131,imbalance
1132,imbalances
1133,immature
1134,immoral
1135,impair
1136,impaired
1137,impairing
1138,impairment
1139,impairments
1140,impairs
1141,impasse
1142,impasses
1143,impede
1144,impeded
1145,impedes
1146,impediment
1147,impediments
1148,impeding
1149,impending
1150,imperative
1151,imperfection
1152,imperfections
1153,imperil
1154,impermissible
1155,implicate
1156,implicated
1157,implicates
1158,implicating
1159,impossibility
1160,impossible
1161,impound
1162,impounded
1163,impounding
1164,impounds
1165,impracticable
1166,impractical
1167,impracticalities
1168,impracticality
1169,imprisonment
1170,improper
1171,improperly
1172,improprieties
1173,impropriety
1174,imprudent
1175,imprudently
1176,inability
1177,inaccessible
1178,inaccuracies
1179,inaccuracy
1180,inaccurate
1181,inaccurately
1182,inaction
1183,inactions
1184,inactivate
1185,inactivated
1186,inactivates
1187,inactivating
1188,inactivation
1189,inactivations
1190,inactivity
1191,inadequacies
1192,inadequacy
1193,inadequate
1194,inadequately
1195,inadvertent
1196,inadvertently
1197,inadvisability
1198,inadvisable
1199,inappropriate
1200,inappropriately
1201,inattention
1202,incapable
1203,incapacitated
1204,incapacity
1205,incarcerate
1206,incarcerated
1207,incarcerates
1208,incarcerating
1209,incarceration
1210,incarcerations
1211,incidence
1212,incidences
1213,incident
1214,incidents
1215,incompatibilities
1216,incompatibility
1217,incompatible
1218,incompetence
1219,incompetency
1220,incompetent
1221,incompetently
1222,incompetents
1223,incomplete
1224,incompletely
1225,incompleteness
1226,inconclusive
1227,inconsistencies
1228,inconsistency
1229,inconsistent
1230,inconsistently
1231,inconvenience
1232,inconveniences
1233,inconvenient
1234,incorrect
1235,incorrectly
1236,incorrectness
1237,indecency
1238,indecent
1239,indefeasible
1240,indefeasibly
1241,indict
1242,indictable
1243,indicted
1244,indicting
1245,indictment
1246,indictments
1247,ineffective
1248,ineffectively
1249,ineffectiveness
1250,inefficiencies
1251,inefficiency
1252,inefficient
1253,inefficiently
1254,ineligibility
1255,ineligible
1256,inequitable
1257,inequitably
1258,inequities
1259,inequity
1260,inevitable
1261,inexperience
1262,inexperienced
1263,inferior
1264,inflicted
1265,infraction
1266,infractions
1267,infringe
1268,infringed
1269,infringement
1270,infringements
1271,infringes
1272,infringing
1273,inhibited
1274,inimical
1275,injunction
1276,injunctions
1277,injure
1278,injured
1279,injures
1280,injuries
1281,injuring
1282,injurious
1283,injury
1284,inordinate
1285,inordinately
1286,inquiry
1287,insecure
1288,insensitive
1289,insolvencies
1290,insolvency
1291,insolvent
1292,instability
1293,insubordination
1294,insufficiency
1295,insufficient
1296,insufficiently
1297,insurrection
1298,insurrections
1299,intentional
1300,interfere
1301,interfered
1302,interference
1303,interferences
1304,interferes
1305,interfering
1306,intermittent
1307,intermittently
1308,interrupt
1309,interrupted
1310,interrupting
1311,interruption
1312,interruptions
1313,interrupts
1314,intimidation
1315,intrusion
1316,invalid
1317,invalidate
1318,invalidated
1319,invalidates
1320,invalidating
1321,invalidation
1322,invalidity
1323,investigate
1324,investigated
1325,investigates
1326,investigating
1327,investigation
1328,investigations
1329,involuntarily
1330,involuntary
1331,irreconcilable
1332,irreconcilably
1333,irrecoverable
1334,irrecoverably
1335,irregular
1336,irregularities
1337,irregularity
1338,irregularly
1339,irreparable
1340,irreparably
1341,irreversible
1342,jeopardize
1343,jeopardized
1344,justifiable
1345,kickback
1346,kickbacks
1347,knowingly
1348,lack
1349,lacked
1350,lacking
1351,lackluster
1352,lacks
1353,lag
1354,lagged
1355,lagging
1356,lags
1357,lapse
1358,lapsed
1359,lapses
1360,lapsing
1361,late
1362,laundering
1363,layoff
1364,layoffs
1365,lie
1366,limitation
1367,limitations
1368,lingering
1369,liquidate
1370,liquidated
1371,liquidates
1372,liquidating
1373,liquidation
1374,liquidations
1375,liquidator
1376,liquidators
1377,litigant
1378,litigants
1379,litigate
1380,litigated
1381,litigates
1382,litigating
1383,litigation
1384,litigations
1385,lockout
1386,lockouts
1387,lose
1388,loses
1389,losing
1390,loss
1391,losses
1392,lost
1393,lying
1394,malfeasance
1395,malfunction
1396,malfunctioned
1397,malfunctioning
1398,malfunctions
1399,malice
1400,malicious
1401,maliciously
1402,malpractice
1403,manipulate
1404,manipulated
1405,manipulates
1406,manipulating
1407,manipulation
1408,manipulations
1409,manipulative
1410,markdown
1411,markdowns
1412,misapplication
1413,misapplications
1414,misapplied
1415,misapplies
1416,misapply
1417,misapplying
1418,misappropriate
1419,misappropriated
1420,misappropriates
1421,misappropriating
1422,misappropriation
1423,misappropriations
1424,misbranded
1425,miscalculate
1426,miscalculated
1427,miscalculates
1428,miscalculating
1429,miscalculation
1430,miscalculations
1431,mischaracterization
1432,mischief
1433,misclassification
1434,misclassifications
1435,misclassified
1436,misclassify
1437,miscommunication
1438,misconduct
1439,misdated
1440,misdemeanor
1441,misdemeanors
1442,misdirected
1443,mishandle
1444,mishandled
1445,mishandles
1446,mishandling
1447,misinform
1448,misinformation
1449,misinformed
1450,misinforming
1451,misinforms
1452,misinterpret
1453,misinterpretation
1454,misinterpretations
1455,misinterpreted
1456,misinterpreting
1457,misinterprets
1458,misjudge
1459,misjudged
1460,misjudges
1461,misjudging
1462,misjudgment
1463,misjudgments
1464,mislabel
1465,mislabeled
1466,mislabeling
1467,mislabelled
1468,mislabels
1469,mislead
1470,misleading
1471,misleadingly
1472,misleads
1473,misled
1474,mismanage
1475,mismanaged
1476,mismanagement
1477,mismanages
1478,mismanaging
1479,mismatch
1480,mismatched
1481,mismatches
1482,mismatching
1483,misplaced
1484,misprice
1485,mispricing
1486,mispricings
1487,misrepresent
1488,misrepresentation
1489,misrepresentations
1490,misrepresented
1491,misrepresenting
1492,misrepresents
1493,miss
1494,missed
1495,misses
1496,misstate
1497,misstated
1498,misstatement
1499,misstatements
1500,misstates
1501,misstating
1502,misstep
1503,missteps
1504,mistake
1505,mistaken
1506,mistakenly
1507,mistakes
1508,mistaking
1509,mistrial
1510,mistrials
1511,misunderstand
1512,misunderstanding
1513,misunderstandings
1514,misunderstood
1515,misuse
1516,misused
1517,misuses
1518,misusing
1519,monopolistic
1520,monopolists
1521,monopolization
1522,monopolize
1523,monopolized
1524,monopolizes
1525,monopolizing
1526,monopoly
1527,moratoria
1528,moratorium
1529,moratoriums
1530,mothballed
1531,mothballing
1532,negative
1533,negatively
1534,negatives
1535,neglect
1536,neglected
1537,neglectful
1538,neglecting
1539,neglects
1540,negligence
1541,negligences
1542,negligent
1543,negligently
1544,nonattainment
1545,noncompetitive
1546,noncompliance
1547,noncompliances
1548,noncompliant
1549,noncomplying
1550,nonconforming
1551,nonconformities
1552,nonconformity
1553,nondisclosure
1554,nonfunctional
1555,nonpayment
1556,nonpayments
1557,nonperformance
1558,nonperformances
1559,nonperforming
1560,nonproducing
1561,nonproductive
1562,nonrecoverable
1563,nonrenewal
1564,nuisance
1565,nuisances
1566,nullification
1567,nullifications
1568,nullified
1569,nullifies
1570,nullify
1571,nullifying
1572,objected
1573,objecting
1574,objection
1575,objectionable
1576,objectionably
1577,objections
1578,obscene
1579,obscenity
1580,obsolescence
1581,obsolete
1582,obstacle
1583,obstacles
1584,obstruct
1585,obstructed
1586,obstructing
1587,obstruction
1588,obstructions
1589,offence
1590,offences
1591,offend
1592,offended
1593,offender
1594,offenders
1595,offending
1596,offends
1597,omission
1598,omissions
1599,omit
1600,omits
1601,omitted
1602,omitting
1603,onerous
1604,opportunistic
1605,opportunistically
1606,oppose
1607,opposed
1608,opposes
1609,opposing
1610,opposition
1611,oppositions
1612,outage
1613,outages
1614,outdated
1615,outmoded
1616,overage
1617,overages
1618,overbuild
1619,overbuilding
1620,overbuilds
1621,overbuilt
1622,overburden
1623,overburdened
1624,overburdening
1625,overcapacities
1626,overcapacity
1627,overcharge
1628,overcharged
1629,overcharges
1630,overcharging
1631,overcome
1632,overcomes
1633,overcoming
1634,overdue
1635,overestimate
1636,overestimated
1637,overestimates
1638,overestimating
1639,overestimation
1640,overestimations
1641,overload
1642,overloaded
1643,overloading
1644,overloads
1645,overlook
1646,overlooked
1647,overlooking
1648,overlooks
1649,overpaid
1650,overpayment
1651,overpayments
1652,overproduced
1653,overproduces
1654,overproducing
1655,overproduction
1656,overrun
1657,overrunning
1658,overruns
1659,overshadow
1660,overshadowed
1661,overshadowing
1662,overshadows
1663,overstate
1664,overstated
1665,overstatement
1666,overstatements
1667,overstates
1668,overstating
1669,oversupplied
1670,oversupplies
1671,oversupply
1672,oversupplying
1673,overtly
1674,overturn
1675,overturned
1676,overturning
1677,overturns
1678,overvalue
1679,overvalued
1680,overvaluing
1681,panic
1682,panics
1683,penalize
1684,penalized
1685,penalizes
1686,penalizing
1687,penalties
1688,penalty
1689,peril
1690,perils
1691,perjury
1692,perpetrate
1693,perpetrated
1694,perpetrates
1695,perpetrating
1696,perpetration
1697,persist
1698,persisted
1699,persistence
1700,persistent
1701,persistently
1702,persisting
1703,persists
1704,pervasive
1705,pervasively
1706,pervasiveness
1707,petty
1708,picket
1709,picketed
1710,picketing
1711,plaintiff
1712,plaintiffs
1713,plea
1714,plead
1715,pleaded
1716,pleading
1717,pleadings
1718,pleads
1719,pleas
1720,pled
1721,poor
1722,poorly
1723,poses
1724,posing
1725,postpone
1726,postponed
1727,postponement
1728,postponements
1729,postpones
1730,postponing
1731,precipitated
1732,precipitous
1733,precipitously
1734,preclude
1735,precluded
1736,precludes
1737,precluding
1738,predatory
1739,prejudice
1740,prejudiced
1741,prejudices
1742,prejudicial
1743,prejudicing
1744,premature
1745,prematurely
1746,pressing
1747,pretrial
1748,preventing
1749,prevention
1750,prevents
1751,problem
1752,problematic
1753,problematical
1754,problems
1755,prolong
1756,prolongation
1757,prolongations
1758,prolonged
1759,prolonging
1760,prolongs
1761,prone
1762,prosecute
1763,prosecuted
1764,prosecutes
1765,prosecuting
1766,prosecution
1767,prosecutions
1768,protest
1769,protested
1770,protester
1771,protesters
1772,protesting
1773,protestor
1774,protestors
1775,protests
1776,protracted
1777,protraction
1778,provoke
1779,provoked
1780,provokes
1781,provoking
1782,punished
1783,punishes
1784,punishing
1785,punishment
1786,punishments
1787,punitive
1788,purport
1789,purported
1790,purportedly
1791,purporting
1792,purports
1793,question
1794,questionable
1795,questionably
1796,questioned
1797,questioning
1798,questions
1799,quit
1800,quitting
1801,racketeer
1802,racketeering
1803,rationalization
1804,rationalizations
1805,rationalize
1806,rationalized
1807,rationalizes
1808,rationalizing
1809,reassessment
1810,reassessments
1811,reassign
1812,reassigned
1813,reassigning
1814,reassignment
1815,reassignments
1816,reassigns
1817,recall
1818,recalled
1819,recalling
1820,recalls
1821,recession
1822,recessionary
1823,recessions
1824,reckless
1825,recklessly
1826,recklessness
1827,redact
1828,redacted
1829,redacting
1830,redaction
1831,redactions
1832,redefault
1833,redefaulted
1834,redefaults
1835,redress
1836,redressed
1837,redresses
1838,redressing
1839,refusal
1840,refusals
1841,refuse
1842,refused
1843,refuses
1844,refusing
1845,reject
1846,rejected
1847,rejecting
1848,rejection
1849,rejections
1850,rejects
1851,relinquish
1852,relinquished
1853,relinquishes
1854,relinquishing
1855,relinquishment
1856,relinquishments
1857,reluctance
1858,reluctant
1859,renegotiate
1860,renegotiated
1861,renegotiates
1862,renegotiating
1863,renegotiation
1864,renegotiations
1865,renounce
1866,renounced
1867,renouncement
1868,renouncements
1869,renounces
1870,renouncing
1871,reparation
1872,reparations
1873,repossessed
1874,repossesses
1875,repossessing
1876,repossession
1877,repossessions
1878,repudiate
1879,repudiated
1880,repudiates
1881,repudiating
1882,repudiation
1883,repudiations
1884,resign
1885,resignation
1886,resignations
1887,resigned
1888,resigning
1889,resigns
1890,restate
1891,restated
1892,restatement
1893,restatements
1894,restates
1895,restating
1896,restructure
1897,restructured
1898,restructures
1899,restructuring
1900,restructurings
1901,retaliate
1902,retaliated
1903,retaliates
1904,retaliating
1905,retaliation
1906,retaliations
1907,retaliatory
1908,retribution
1909,retributions
1910,revocation
1911,revocations
1912,revoke
1913,revoked
1914,revokes
1915,revoking
1916,ridicule
1917,ridiculed
1918,ridicules
1919,ridiculing
1920,riskier
1921,riskiest
1922,risky
1923,sabotage
1924,sacrifice
1925,sacrificed
1926,sacrifices
1927,sacrificial
1928,sacrificing
1929,scandalous
1930,scandals
1931,scrutinize
1932,scrutinized
1933,scrutinizes
1934,scrutinizing
1935,scrutiny
1936,secrecy
1937,seize
1938,seized
1939,seizes
1940,seizing
1941,sentenced
1942,sentencing
1943,serious
1944,seriously
1945,seriousness
1946,setback
1947,setbacks
1948,sever
1949,severe
1950,severed
1951,severely
1952,severities
1953,severity
1954,sharply
1955,shocked
1956,shortage
1957,shortages
1958,shortfall
1959,shortfalls
1960,shrinkage
1961,shrinkages
1962,shut
1963,shutdown
1964,shutdowns
1965,shuts
1966,shutting
1967,slander
1968,slandered
1969,slanderous
1970,slanders
1971,slippage
1972,slippages
1973,slow
1974,slowdown
1975,slowdowns
1976,slowed
1977,slower
1978,slowest
1979,slowing
1980,slowly
1981,slowness
1982,sluggish
1983,sluggishly
1984,sluggishness
1985,solvencies
1986,solvency
1987,spam
1988,spammers
1989,spamming
1990,staggering
1991,stagnant
1992,stagnate
1993,stagnated
1994,stagnates
1995,stagnating
1996,stagnation
1997,standstill
1998,standstills
1999,stolen
2000,stoppage
2001,stoppages
2002,stopped
2003,stopping
2004,stops
2005,strain
2006,strained
2007,straining
2008,strains
2009,stress
2010,stressed
2011,stresses
2012,stressful
2013,stressing
2014,stringent
2015,subjected
2016,subjecting
2017,subjection
2018,subpoena
2019,subpoenaed
2020,subpoenas
2021,substandard
2022,sue
2023,sued
2024,sues
2025,suffer
2026,suffered
2027,suffering
2028,suffers
2029,suing
2030,summoned
2031,summoning
2032,summons
2033,summonses
2034,susceptibility
2035,susceptible
2036,suspect
2037,suspected
2038,suspects
2039,suspend
2040,suspended
2041,suspending
2042,suspends
2043,suspension
2044,suspensions
2045,suspicion
2046,suspicions
2047,suspicious
2048,suspiciously
2049,taint
2050,tainted
2051,tainting
2052,taints
2053,tampered
2054,tense
2055,terminate
2056,terminated
2057,terminates
2058,terminating
2059,termination
2060,terminations
2061,testify
2062,testifying
2063,threat
2064,threaten
2065,threatened
2066,threatening
2067,threatens
2068,threats
2069,tightening
2070,tolerate
2071,tolerated
2072,tolerates
2073,tolerating
2074,toleration
2075,tortuous
2076,tortuously
2077,tragedies
2078,tragedy
2079,tragic
2080,tragically
2081,traumatic
2082,trouble
2083,troubled
2084,troubles
2085,turbulence
2086,turmoil
2087,unable
2088,unacceptable
2089,unacceptably
2090,unaccounted
2091,unannounced
2092,unanticipated
2093,unapproved
2094,unattractive
2095,unauthorized
2096,unavailability
2097,unavailable
2098,unavoidable
2099,unavoidably
2100,unaware
2101,uncollectable
2102,uncollected
2103,uncollectibility
2104,uncollectible
2105,uncollectibles
2106,uncompetitive
2107,uncompleted
2108,unconscionable
2109,unconscionably
2110,uncontrollable
2111,uncontrollably
2112,uncontrolled
2113,uncorrected
2114,uncover
2115,uncovered
2116,uncovering
2117,uncovers
2118,undeliverable
2119,undelivered
2120,undercapitalized
2121,undercut
2122,undercuts
2123,undercutting
2124,underestimate
2125,underestimated
2126,underestimates
2127,underestimating
2128,underestimation
2129,underfunded
2130,underinsured
2131,undermine
2132,undermined
2133,undermines
2134,undermining
2135,underpaid
2136,underpayment
2137,underpayments
2138,underpays
2139,underperform
2140,underperformance
2141,underperformed
2142,underperforming
2143,underperforms
2144,underproduced
2145,underproduction
2146,underreporting
2147,understate
2148,understated
2149,understatement
2150,understatements
2151,understates
2152,understating
2153,underutilization
2154,underutilized
2155,undesirable
2156,undesired
2157,undetected
2158,undetermined
2159,undisclosed
2160,undocumented
2161,undue
2162,unduly
2163,uneconomic
2164,uneconomical
2165,uneconomically
2166,unemployed
2167,unemployment
2168,unethical
2169,unethically
2170,unexcused
2171,unexpected
2172,unexpectedly
2173,unfair
2174,unfairly
2175,unfavorability
2176,unfavorable
2177,unfavorably
2178,unfavourable
2179,unfeasible
2180,unfit
2181,unfitness
2182,unforeseeable
2183,unforeseen
2184,unforseen
2185,unfortunate
2186,unfortunately
2187,unfounded
2188,unfriendly
2189,unfulfilled
2190,unfunded
2191,uninsured
2192,unintended
2193,unintentional
2194,unintentionally
2195,unjust
2196,unjustifiable
2197,unjustifiably
2198,unjustified
2199,unjustly
2200,unknowing
2201,unknowingly
2202,unlawful
2203,unlawfully
2204,unlicensed
2205,unliquidated
2206,unmarketable
2207,unmerchantable
2208,unmeritorious
2209,unnecessarily
2210,unnecessary
2211,unneeded
2212,unobtainable
2213,unoccupied
2214,unpaid
2215,unperformed
2216,unplanned
2217,unpopular
2218,unpredictability
2219,unpredictable
2220,unpredictably
2221,unpredicted
2222,unproductive
2223,unprofitability
2224,unprofitable
2225,unqualified
2226,unrealistic
2227,unreasonable
2228,unreasonableness
2229,unreasonably
2230,unreceptive
2231,unrecoverable
2232,unrecovered
2233,unreimbursed
2234,unreliable
2235,unremedied
2236,unreported
2237,unresolved
2238,unrest
2239,unsafe
2240,unsalable
2241,unsaleable
2242,unsatisfactory
2243,unsatisfied
2244,unsavory
2245,unscheduled
2246,unsellable
2247,unsold
2248,unsound
2249,unstabilized
2250,unstable
2251,unsubstantiated
2252,unsuccessful
2253,unsuccessfully
2254,unsuitability
2255,unsuitable
2256,unsuitably
2257,unsuited
2258,unsure
2259,unsuspected
2260,unsuspecting
2261,unsustainable
2262,untenable
2263,untimely
2264,untrusted
2265,untruth
2266,untruthful
2267,untruthfully
2268,untruthfulness
2269,untruths
2270,unusable
2271,unwanted
2272,unwarranted
2273,unwelcome
2274,unwilling
2275,unwillingness
2276,upset
2277,urgency
2278,urgent
2279,usurious
2280,usurp
2281,usurped
2282,usurping
2283,usurps
2284,usury
2285,vandalism
2286,verdict
2287,verdicts
2288,vetoed
2289,victims
2290,violate
2291,violated
2292,violates
2293,violating
2294,violation
2295,violations
2296,violative
2297,violator
2298,violators
2299,violence
2300,violent
2301,violently
2302,vitiate
2303,vitiated
2304,vitiates
2305,vitiating
2306,vitiation
2307,voided
2308,voiding
2309,volatile
2310,volatility
2311,vulnerabilities
2312,vulnerability
2313,vulnerable
2314,vulnerably
2315,warn
2316,warned
2317,warning
2318,warnings
2319,warns
2320,wasted
2321,wasteful
2322,wasting
2323,weak
2324,weaken
2325,weakened
2326,weakening
2327,weakens
2328,weaker
2329,weakest
2330,weakly
2331,weakness
2332,weaknesses
2333,willfully
2334,worries
2335,worry
2336,worrying
2337,worse
2338,worsen
2339,worsened
2340,worsening
2341,worsens
2342,worst
2343,worthless
2344,writedown
2345,writedowns
2346,writeoff
2347,writeoffs
2348,wrong
2349,wrongdoing
2350,wrongdoings
2351,wrongful
2352,wrongfully
2353,wrongly
